oid,classALeRCE,period,source,LS_samples_g,LS_samples_r,LS_time_g,LS_time_r,LS_T_g,LS_T_r,LKSL_samples_g,LKSL_samples_r,LKSL_time_g,LKSL_time_r,LKSL_T_g,LKSL_T_r,PDM1_samples_g,PDM1_samples_r,PDM1_time_g,PDM1_time_r,PDM1_T_g,PDM1_T_r,MHAOV_samples_g,MHAOV_samples_r,MHAOV_time_g,MHAOV_time_r,MHAOV_T_g,MHAOV_T_r,QME_samples_g,QME_samples_r,QME_time_g,QME_time_r,QME_T_g,QME_T_r,QMICS_samples_g,QMICS_samples_r,QMICS_time_g,QMICS_time_r,QMICS_T_g,QMICS_T_r,QMIEU_samples_g,QMIEU_samples_r,QMIEU_time_g,QMIEU_time_r,QMIEU_T_g,QMIEU_T_r
ZTF18abdeajl,EB/EW,0.270497,CRTSnorth,20,20,0.10300612449645996,0.10100579261779785,0.05876027297185631,0.11906638805734496,20,20,0.07200407981872559,0.07100391387939453,7.4076288586909405,7.179149246811965,20,20,0.059003353118896484,0.06600379943847656,45.650963368341415,2.1131091856283333,20,20,0.09700584411621094,0.07100415229797363,0.05876027297185631,0.2175256072063584,20,20,0.17000985145568848,0.1480085849761963,1.6749276415423513,0.0523307213136102,20,20,0.1760098934173584,0.1480085849761963,0.15820850213908638,0.0523307213136102,20,20,0.1780102252960205,0.14200806617736816,0.5070726174450435,0.0523307213136102
ZTF17aacdvtd,EB/EW,0.29551,CRTSnorth,20,20,0.10100579261779785,0.09100508689880371,0.14775370202330135,0.14775370202330135,20,20,0.06900405883789062,0.06100344657897949,0.12868987376220598,0.14775370202330135,20,20,0.05700325965881348,0.05400276184082031,5.230046387831955,0.14775370202330135,20,20,0.06900358200073242,0.06500363349914551,0.14775370202330135,0.14775370202330135,20,20,0.1480085849761963,0.14600825309753418,0.14775757125543795,0.14775370202330135,20,20,0.14400815963745117,0.14200806617736816,0.14775370202330135,0.14775370202330135,20,20,0.14500832557678223,0.14200806617736816,0.14775370202330135,0.14775370202330135
ZTF18abcilbv,EB/EW,0.290765,CRTSnorth,20,20,0.0890049934387207,0.08200454711914062,1.2388439051353741,0.2411519926165615,20,20,0.06400346755981445,0.059003353118896484,0.14717334466592347,0.3223470031613246,20,20,0.05600333213806152,0.049002885818481445,0.05726641659230978,11.44378979873791,20,20,0.07100415229797363,0.07100415229797363,1.2388439051353741,0.2411519926165615,20,20,0.14300823211669922,0.14000797271728516,1.1635102963487611,0.8760590851431044,20,20,0.14700818061828613,0.14000773429870605,1.1635102963487611,0.5247810178632011,20,20,0.14700818061828613,0.1390080451965332,1.1635102963487611,0.9092567081387971
ZTF17aabtlbu,EB/EW,0.35874,CRTSnorth,20,20,0.0890052318572998,0.08200454711914062,0.12042404729080772,0.05617100069924406,20,20,0.06500387191772461,0.06400346755981445,0.2840835675138911,0.06991565491412118,20,20,0.05800318717956543,0.054003238677978516,1.8320904083326377,220.17069787125968,20,20,0.07300424575805664,0.07000422477722168,0.13725087830711538,0.05617100069924406,20,20,0.1500086784362793,0.14000821113586426,0.6658600390281161,217.1275071067003,20,20,0.1480085849761963,0.1480085849761963,1.4389946899986115,0.2799160686357576,20,20,0.15100884437561035,0.1410081386566162,0.6658600390281161,0.2799160686357576
ZTF19aamnvdx,EB/EW,0.356434,CRTSnorth,20,20,0.08800482749938965,0.08600497245788574,0.21699333636595416,0.0601973098273645,20,20,0.06400346755981445,0.0630037784576416,0.08603794327684579,1.6526811689123344,20,20,0.05800342559814453,0.05300331115722656,0.7168508919456389,5.070978053332945,20,20,0.07200431823730469,0.0630037784576416,0.21698765410153031,0.0601973098273645,20,20,0.15600895881652832,0.1390078067779541,0.07920661529992355,0.056758210472855515,20,20,0.1610095500946045,0.1370077133178711,0.05345703418667269,0.056758210472855515,20,20,0.1520082950592041,0.14400815963745117,0.2169989657083118,0.1780034669235908
ZTF17aaahiqe,EB/EW,0.246995,CRTSnorth,20,20,0.09400534629821777,0.0870048999786377,0.09898187608742992,0.09901025103547625,20,20,0.07100415229797363,0.06200385093688965,0.10988726191883176,0.8838802817003157,20,20,0.05600309371948242,0.05300331115722656,2.053331028724167,0.28058812568529606,20,20,0.06900382041931152,0.06700372695922852,0.09898187608742992,0.1317889948725043,20,20,0.14900827407836914,0.14500832557678223,0.10988726191883176,0.1317889948725043,20,20,0.14500808715820312,0.1390078067779541,0.10988726191883176,0.08359964109406559,20,20,0.14900851249694824,0.14700865745544434,0.09901025103547625,0.08359964109406559
ZTF17aaajrrz,EB/EW,0.472698,CRTSnorth,20,20,0.09000539779663086,0.0870051383972168,0.44873754299631435,1.1047859283136927,20,20,0.06600403785705566,0.06100344657897949,0.8158034267867883,1.1051603075198007,20,20,0.05600333213806152,0.05500316619873047,4.239499475297421,8.877799812480555,20,20,0.06800389289855957,0.0630037784576416,0.44873754299631435,1.1047859283136927,20,20,0.14700865745544434,0.14300799369812012,0.8158884960596763,0.05653379113887649,20,20,0.14200830459594727,0.14300823211669922,0.1344186182397434,0.21284811901734513,20,20,0.15100884437561035,0.14900875091552734,0.05454357126177638,0.21284811901734513
ZTF18aagrlge,EB/EW,0.350049,CRTSnorth,20,20,0.08800506591796875,0.08600497245788574,0.17502686430751568,0.17503140493607813,20,20,0.06400346755981445,0.06400394439697266,0.17502686430751568,0.9572634257177359,20,20,0.05700325965881348,0.05500292778015137,47.87369576288335,97.87288219312053,20,20,0.07300424575805664,0.07000398635864258,0.17502686430751568,0.17503140493607813,20,20,0.14700865745544434,0.14700841903686523,0.17502686430751568,0.17503140493607813,20,20,0.15100884437561035,0.14700841903686523,0.17502686430751568,0.17503140493607813,20,20,0.14700818061828613,0.14500832557678223,0.17502686430751568,0.17503140493607813
ZTF17aacxrxj,EB/EW,0.290429,CRTSnorth,20,20,0.0890052318572998,0.08400487899780273,0.14521858094791382,0.1452147782026774,20,20,0.06500411033630371,0.06400370597839355,0.1452147782026774,0.20478310423426158,20,20,0.05700325965881348,0.05500316619873047,20.281142434985487,0.328761745461969,20,20,0.06900405883789062,0.0630035400390625,0.14521858094791382,0.1452147782026774,20,20,0.14600825309753418,0.17000985145568848,0.14521858094791382,0.1452147782026774,20,20,0.1410081386566162,0.1630091667175293,0.8628925182823706,0.3056948939730825,20,20,0.14900875091552734,0.17000985145568848,0.1452147782026774,0.1452147782026774
ZTF19aaesgaz,EB/EW,0.284732,CRTSnorth,20,20,0.0870048999786377,0.0870048999786377,0.1423702567699376,0.14236652861192775,20,20,0.06600379943847656,0.06100344657897949,0.1423702567699376,82.24606043872882,20,20,0.05500316619873047,0.05500292778015137,0.09457339169304234,0.16607603722757172,20,20,0.07100415229797363,0.06900382041931152,0.1423702567699376,0.14236652861192775,20,20,0.14900827407836914,0.14300799369812012,0.14236652861192775,0.14236652861192775,20,20,0.14900827407836914,0.14000773429870605,0.14236652861192775,0.14236652861192775,20,20,0.1410079002380371,0.13400769233703613,0.14236652861192775,0.14236652861192775
ZTF18aajuyqt,EB/EW,0.257875,CRTSnorth,20,20,0.0890049934387207,0.08400464057922363,0.2625657849288263,0.3864028825292735,20,20,0.06600379943847656,0.06000351905822754,0.1925761189097459,0.5453775586685209,20,20,0.059003353118896484,0.05100297927856445,157.5242924451744,5.074416229810637,20,20,0.07000422477722168,0.07000374794006348,0.2625657849288263,0.3864028825292735,20,20,0.14200806617736816,0.14400815963745117,0.44625317896746797,0.09327106168078106,20,20,0.14900827407836914,0.14500808715820312,0.8106104866104233,1.0659208297141036,20,20,0.14300847053527832,0.14500808715820312,1.325292659389593,0.5157096763660652
ZTF17aadgqqw,EB/EW,0.353393,CRTSnorth,20,20,0.08800506591796875,0.08200478553771973,0.1766953035390166,0.1766953035390166,20,20,0.06600379943847656,0.06000328063964844,0.2734547626088389,0.168140535386325,20,20,0.054003238677978516,0.05600333213806152,3.4010036474526055,0.1766953035390166,20,20,0.07300400733947754,0.06900382041931152,0.1766953035390166,0.1766953035390166,20,20,0.14500856399536133,0.14000821113586426,0.1766953035390166,0.17668609237996685,20,20,0.14600849151611328,0.1390078067779541,0.1766953035390166,0.1766953035390166,20,20,0.1500086784362793,0.13800787925720215,0.1766953035390166,0.17668609237996685
ZTF17aaaxfed,EB/EW,0.339672,CRTSnorth,20,20,0.08500504493713379,0.08600497245788574,1.0440337169695086,0.1698318599081585,20,20,0.0650033950805664,0.05800318717956543,24.83201623451141,0.16973007889032699,20,20,0.05700325965881348,0.054003000259399414,0.78018042163288,0.12868987376220598,20,20,0.07000374794006348,0.06500363349914551,1.0440337169695086,0.1698318599081585,20,20,0.15100884437561035,0.14500832557678223,1.0440881511544218,0.1698318599081585,20,20,0.14500832557678223,0.14600849151611328,1.0440881511544218,0.1698318599081585,20,20,0.14400815963745117,0.15700888633728027,1.0440881511544218,0.1698318599081585
ZTF17aaagwgf,EB/EW,0.359827,CRTSnorth,20,20,0.08500480651855469,0.08600497245788574,0.2405368297996642,0.15242424225160917,20,20,0.06600379943847656,0.059003353118896484,12.229601239660575,3.4129024510102286,20,20,0.054003238677978516,0.05300307273864746,2.7310506558503698,7.116737566155106,20,20,0.07100415229797363,0.06800413131713867,0.2405430699183113,0.15242424225160917,20,20,0.14500856399536133,0.14000797271728516,1.5611897197473232,1.353428828620844,20,20,0.14300799369812012,0.1390080451965332,1.5612710963735343,3.791490058896322,20,20,0.14400815963745117,0.1410081386566162,1.5613524814836606,3.791490058896322
ZTF18abodrtv,EB/EW,0.344404,CRTSnorth,20,20,0.08600497245788574,0.08400487899780273,0.17220319700040174,0.17220319700040174,20,20,0.0630037784576416,0.06200361251831055,0.17219422001570164,0.20813554469847262,20,20,0.059003353118896484,0.05300331115722656,3.0955885124721956,1.8457505059274424,20,20,0.07300400733947754,0.0630037784576416,0.17220319700040174,0.17220319700040174,20,20,0.1500086784362793,0.14200806617736816,0.17220319700040174,0.17220319700040174,20,20,0.1480083465576172,0.13400745391845703,0.17220319700040174,0.1903950927734017,20,20,0.14900827407836914,0.16600966453552246,0.17220319700040174,0.1903950927734017
ZTF18acbvqwx,EB/EW,0.51168,CRTSnorth,20,20,0.08500504493713379,0.08300495147705078,0.5246716015425754,1.0495724105185493,20,20,0.06500363349914551,0.06400346755981445,0.3441226620934854,0.12849882481182448,20,20,0.05600333213806152,0.0500028133392334,5.826281398344137,0.052956402348225566,20,20,0.07100415229797363,0.06800389289855957,0.5246716015425754,1.0495998957134713,20,20,0.14900851249694824,0.16800951957702637,0.5246442545911706,0.3175685892675359,20,20,0.14900875091552734,0.13500761985778809,0.5246442545911706,0.3175685892675359,20,20,0.1480083465576172,0.14700841903686523,0.5246442545911706,0.3175685892675359
ZTF18aaaeahe,EB/EW,0.293562,CRTSnorth,20,20,0.08800482749938965,0.08300471305847168,0.17210896643405307,0.1279473773648119,20,20,0.06500363349914551,0.061003684997558594,0.17210450161878674,1.2894807595659203,20,20,0.05600333213806152,0.05300307273864746,0.5335249917472451,3.2994560340449874,20,20,0.06800389289855957,0.07100415229797363,0.17211793897423638,0.1279473773648119,20,20,0.1370079517364502,0.14200806617736816,0.17211793897423638,0.1279473773648119,20,20,0.14900827407836914,0.14300823211669922,0.17210896643405307,0.1279473773648119,20,20,0.1480083465576172,0.16700959205627441,0.17211793897423638,0.1279473773648119
ZTF18adakwwa,EB/EW,0.680986,CRTSnorth,20,20,0.0890052318572998,0.0870048999786377,0.34049143050708663,0.5170151695060387,20,20,0.06700396537780762,0.0630035400390625,0.34049143050708663,4.691401845067011,20,20,0.05700325965881348,0.05300307273864746,1.0027739685908876,0.5434902437994298,20,20,0.06800389289855957,0.06700396537780762,0.34049143050708663,0.5170151695060387,20,20,0.14500832557678223,0.14700841903686523,0.34049143050708663,1.0704590333932595,20,20,0.1500084400177002,0.14200806617736816,0.34049143050708663,9.242359372680362,20,20,0.14300823211669922,0.14200806617736816,0.34049143050708663,9.243322934277217
ZTF18adbaghq,EB/EW,0.3552753,CRTSnorth,20,20,0.08800530433654785,0.08600497245788574,0.17763268959647785,0.17764194913893555,20,20,0.06600379943847656,0.06400370597839355,0.21613535476964535,0.17764194913893555,20,20,0.05600333213806152,0.05300283432006836,74.4632655111368,0.34341485303402963,20,20,0.07200407981872559,0.0740044116973877,0.17763268959647785,0.17764194913893555,20,20,0.14900827407836914,0.14600849151611328,0.17763268959647785,0.17764194913893555,20,20,0.14900851249694824,0.14600825309753418,0.17763268959647785,0.17764194913893555,20,20,0.14900851249694824,0.16600942611694336,0.17763268959647785,0.17764194913893555
ZTF18aaadsey,EB/EW,0.232682,CRTSnorth,20,20,0.08600497245788574,0.08400487899780273,0.1041834470352094,0.13165511391438203,20,20,0.06500363349914551,0.06400370597839355,0.09435671025526964,0.10166456891995686,20,20,0.05600309371948242,0.054003238677978516,26.398497001197732,0.13074548821120366,20,20,0.06800389289855957,0.06900382041931152,0.11634222650896663,0.10166456891995686,20,20,0.14900875091552734,0.1370079517364502,0.0724554324977089,0.15168311556373298,20,20,0.14700818061828613,0.14000797271728516,4.947214221392832,0.15168311556373298,20,20,0.14700865745544434,0.139007568359375,0.07245355287384128,0.15168311556373298
ZTF18acckyvq,EB/EW,0.397136,CRTSnorth,20,20,0.08400487899780273,0.08300495147705078,0.1985703120269116,0.1985703120269116,20,20,0.06600379943847656,0.06400370597839355,4.1018888289542055,0.33417863963261135,20,20,0.05700325965881348,0.054003238677978516,4.102102705779819,47.89740983260965,20,20,0.07000422477722168,0.06900405883789062,0.1985703120269116,0.1985703120269116,20,20,0.14300799369812012,0.14200806617736816,0.1985703120269116,0.16558759633691467,20,20,0.14700841903686523,0.14200806617736816,4.10220962620579,0.16558759633691467,20,20,0.1410081386566162,0.16700983047485352,0.1985703120269116,0.16558759633691467
ZTF18aaacdou,EB/EW,0.23151,CRTSnorth,20,20,0.0890049934387207,0.07800436019897461,0.11319548205056738,0.11575240358762819,20,20,0.06600379943847656,0.0630035400390625,2.05290295587194,0.1157584380965444,20,20,0.05700373649597168,0.0500028133392334,17.30302064543167,0.11575240358762819,20,20,0.0740041732788086,0.06800389289855957,0.11319548205056738,0.11575240358762819,20,20,0.15100860595703125,0.14300847053527832,0.25313101995421755,0.11574940076267745,20,20,0.14900851249694824,0.14000797271728516,0.13442213826550473,0.13095010080298897,20,20,0.1480085849761963,0.14400815963745117,0.13442213826550473,0.11575240358762819
ZTF18abcstxs,EB/EW,0.266132,CRTSnorth,20,20,0.0870048999786377,0.08300471305847168,0.11900123457770037,0.10359585945259192,20,20,0.06500363349914551,0.0650033950805664,0.11900435086781573,0.10359585945259192,20,20,0.057003021240234375,0.049002647399902344,0.4845011529051718,6.089292851148973,20,20,0.07100415229797363,0.06800389289855957,0.11900435086781573,0.08680604337247647,20,20,0.14900875091552734,0.14600825309753418,0.11900123457770037,0.08680604337247647,20,20,0.1480085849761963,0.1410079002380371,0.11900123457770037,0.08680604337247647,20,20,0.14500808715820312,0.16000914573669434,0.11900123457770037,0.08680604337247647
ZTF18abcupjf,EB/EW,0.416778,CRTSnorth,20,20,0.0870048999786377,0.08200478553771973,0.28691124718821903,0.4944003816052783,20,20,0.0630035400390625,0.06000328063964844,6.1021624864270425,49.073903648150655,20,20,0.05700325965881348,0.05500316619873047,0.4545172777757197,14.448918831913584,20,20,0.08100485801696777,0.07000398635864258,0.28691124718821903,0.4944003816052783,20,20,0.14600849151611328,0.17300987243652344,0.28690373402859853,0.09433703594944765,20,20,0.14600849151611328,0.1520087718963623,0.07434358211998648,0.09433703594944765,20,20,0.17000985145568848,0.15700912475585938,0.07434358211998648,0.09433703594944765
ZTF17aaaduyn,EB/EW,0.372858,CRTSnorth,20,20,0.0870048999786377,0.08300471305847168,1.4911129463030983,1.5723790893769316,20,20,0.06600379943847656,0.0630035400390625,0.12320205453228086,6.4921796193888754,20,20,0.05700325965881348,0.05500316619873047,21.21934651184517,0.595091873629513,20,20,0.07100415229797363,0.06900405883789062,1.4911129463030983,1.5723790893769316,20,20,0.14300799369812012,0.14400815963745117,0.31411925653742556,0.434285117484855,20,20,0.1500084400177002,0.1540088653564453,0.23886866808657367,0.5680542307000965,20,20,0.14900875091552734,0.15900897979736328,0.23886866808657367,0.5680542307000965
ZTF18aaadsjh,EB/EW,0.63636,ASASSN,20,20,0.08600497245788574,0.08300447463989258,0.3181733649364276,0.31819828296156233,20,20,0.06400346755981445,0.05800342559814453,0.31818995050853277,0.3181733649364276,20,20,0.057003021240234375,0.05500316619873047,0.3601356243449577,0.31818995050853277,20,20,0.06900382041931152,0.06600356101989746,0.3181733649364276,0.31819828296156233,20,20,0.16000890731811523,0.17901039123535156,0.3181733649364276,0.31819828296156233,20,20,0.14000797271728516,0.14700841903686523,0.4673107286898406,0.31819828296156233,20,20,0.14900827407836914,0.14400839805603027,0.4673107286898406,0.31819828296156233
ZTF17aaapnrf,EB/EW,0.358335,CRTSnorth,20,20,0.08800506591796875,0.08500480651855469,1.3156901359774398,0.21828098288710407,20,20,0.06500363349914551,0.06400346755981445,4.122682644316793,1.5743064987990965,20,20,0.05700325965881348,0.05500316619873047,102.79088505450073,2.963503394221368,20,20,0.06800389289855957,0.06900405883789062,1.3156901359774398,0.21828669901998085,20,20,0.23301315307617188,0.15300869941711426,1.2279138878275968,0.21828098288710407,20,20,0.16900968551635742,0.14500832557678223,1.2279778958702863,0.21828098288710407,20,20,0.15600895881652832,0.15900897979736328,1.2279138878275968,0.21828098288710407
ZTF18aajdkhu,EB/EW,0.309511,CRTSnorth,20,20,0.08800482749938965,0.0870048999786377,0.30950310473243553,0.30950310473243553,20,20,0.06600356101989746,0.06400346755981445,0.07858355284031046,0.18318084420529987,20,20,0.05700325965881348,0.05500316619873047,4.812528070369833,24.051683246344634,20,20,0.07200407981872559,0.06700396537780762,0.30950310473243553,0.30950310473243553,20,20,0.1540083885192871,0.14000797271728516,0.30950310473243553,0.30950310473243553,20,20,0.14200806617736816,0.14400815963745117,0.30950310473243553,0.30950310473243553,20,20,0.14400839805603027,0.14200806617736816,0.30950310473243553,0.30950310473243553
ZTF18aaavust,EB/EW,0.613267,CRTSnorth,20,20,0.08400464057922363,0.08200454711914062,0.44275430645946456,1.7179931225230185,20,20,0.06600356101989746,0.06500387191772461,0.44274282061867615,2.3765709769975074,20,20,0.05700325965881348,0.05500316619873047,80.86228927618801,0.7946282769571692,20,20,0.06900405883789062,0.0630040168762207,0.44275430645946456,1.7179931225230185,20,20,0.1410079002380371,0.14700818061828613,0.4428004730015564,0.23451944007881953,20,20,0.15100860595703125,0.14700865745544434,82.3383004174795,0.4428004730015564,20,20,0.14900851249694824,0.16700959205627441,82.43492282461484,0.23451944007881953
ZTF17aaatmpt,EB/EW,0.2839813,ASASSN,20,20,0.08800506591796875,0.07800459861755371,0.14198854563411567,4.120211811977867,20,20,0.06500387191772461,0.0630037784576416,1.3990159684356935,0.4613203226684612,20,20,0.05700325965881348,0.05500316619873047,0.16057650792256878,4.097080983457724,20,20,0.07000398635864258,0.06600379943847656,0.14198854563411567,4.120211811977867,20,20,0.14900851249694824,0.14600849151611328,0.7401470720340362,0.27157246610728863,20,20,0.1480085849761963,0.14200806617736816,0.21981107086602306,0.15479439594105665,20,20,0.14300823211669922,0.14400839805603027,0.7401470720340362,0.1698141540982531
ZTF18acrygcx,EB/EW,0.287204,CRTSnorth,20,20,0.08800506591796875,0.08100461959838867,0.1115291200818402,3.1107130103078617,20,20,0.06400370597839355,0.05800318717956543,0.1115291200818402,0.11825915734801666,20,20,0.05600333213806152,0.05500292778015137,1.5824110310706168,0.1001157396530629,20,20,0.07100415229797363,0.06800365447998047,0.1115291200818402,3.1105508736164964,20,20,0.17300987243652344,0.14300847053527832,0.1115291200818402,0.48040173020777616,20,20,0.17300987243652344,0.1480085849761963,0.1115291200818402,0.33820943479669735,20,20,0.17301011085510254,0.16700959205627441,0.1115291200818402,0.33820943479669735
ZTF17aaaxdid,EB/EW,0.245057,CRTSnorth,20,20,0.0890049934387207,0.08400487899780273,0.3249112919629971,1.121205029917054,20,20,0.06400370597839355,0.05900311470031738,0.37921911896998867,0.221999002053735,20,20,0.05700325965881348,0.054003000259399414,7.274459195838679,8.985350837094984,20,20,0.0740041732788086,0.07100415229797363,0.3249112919629971,0.25846460382401565,20,20,0.15100884437561035,0.15900921821594238,0.32488592593464627,0.25845113001612785,20,20,0.14400839805603027,0.14600825309753418,0.32488592593464627,0.25845113001612785,20,20,0.1520087718963623,0.14600825309753418,0.32489435427689345,0.25845113001612785
ZTF19acauaig,EB/EW,0.395502,CRTSnorth,20,20,0.0870048999786377,0.08300495147705078,0.3273679694297385,0.24669569605432956,20,20,0.06400370597839355,0.0630037784576416,0.7338846940777207,6.660666927144882,20,20,0.059003353118896484,0.05200314521789551,3.0486661596510083,6.195273864258151,20,20,0.06900405883789062,0.06800413131713867,0.3273679694297385,0.24669569605432956,20,20,0.14000773429870605,0.13400793075561523,0.3273850387422013,0.24669569605432956,20,20,0.1480088233947754,0.14600825309753418,0.05749523572206324,0.17433481619695884,20,20,0.14700841903686523,0.15800881385803223,0.3273850387422013,0.24017973636629708
ZTF18aabisxg,EB/EW,0.43629,CRTSnorth,20,20,0.0890049934387207,0.08200478553771973,0.2792092644084822,0.2792238203981925,20,20,0.06700372695922852,0.06000328063964844,2.428164858064808,0.2672748672386819,20,20,0.05700325965881348,0.05400276184082031,9.550680514572054,27.540610403956602,20,20,0.07000398635864258,0.06900405883789062,0.2792238203981925,0.15181364689858518,20,20,0.14000797271728516,0.13800787925720215,0.2792238203981925,0.2792238203981925,20,20,0.14400815963745117,0.14600825309753418,0.08633671715826312,0.2792383779056739,20,20,0.14700841903686523,0.14300823211669922,0.2792238203981925,0.2792383779056739
ZTF18abumyvd,EB/EW,0.264226,CRTSnorth,20,20,0.0870048999786377,0.08200454711914062,0.1321122971976466,0.13211572451648979,20,20,0.06400346755981445,0.05700349807739258,0.1321122971976466,0.15229318302102077,20,20,0.05600333213806152,0.05300307273864746,6.089610320217732,212.3423213654046,20,20,0.07200455665588379,0.06600356101989746,0.1321122971976466,0.1321122971976466,20,20,0.14700818061828613,0.1760098934173584,0.13210883765820222,0.8354280051955739,20,20,0.1520087718963623,0.17900991439819336,0.1321122971976466,0.31377557918008236,20,20,0.15300869941711426,0.2020115852355957,0.1321122971976466,0.8353627828072203
ZTF18aagwxlb,EB/EW,0.297014,CRTSnorth,20,20,0.09200549125671387,0.08200478553771973,0.2113775181863189,0.06627451303712169,20,20,0.06700372695922852,0.06400346755981445,0.1683949323243073,0.05789374107353245,20,20,0.05700325965881348,0.049002885818481445,0.4230238084865909,0.10267917017230463,20,20,0.08300471305847168,0.07100391387939453,0.2113775181863189,0.581067530858184,20,20,0.1650094985961914,0.14500808715820312,0.2682309642885335,1.4598099133894897,20,20,0.14700841903686523,0.14700841903686523,0.2682169820873523,0.11446531494678928,20,20,0.14700865745544434,0.14000821113586426,0.26822400589624823,0.2113775181863189
ZTF18abbxkof,EB/EW,0.5455989,ASASSN,20,20,0.08600497245788574,0.08400464057922363,0.2727855700927145,0.17641921299924834,20,20,0.0630035400390625,0.06100344657897949,3.2319590128718256,0.5020882653902144,20,20,0.054003238677978516,0.054003238677978516,0.8491267679758766,188.10005934510528,20,20,0.07100415229797363,0.06800413131713867,0.2727855700927145,0.17641921299924834,20,20,0.16800928115844727,0.14200806617736816,0.2727997911965872,0.17641921299924834,20,20,0.14600872993469238,0.14300823211669922,0.22001742056000323,0.17641921299924834,20,20,0.1480085849761963,0.16000914573669434,0.08650791068367726,0.17641921299924834
ZTF18aaimtnm,EB/EW,0.28334,CRTSnorth,20,20,0.0890049934387207,0.08100461959838867,0.12162589582641649,0.14167062333551958,20,20,0.06500387191772461,0.06200361251831055,0.12162589582641649,9.814390475987246,20,20,0.05600309371948242,0.05300307273864746,2.314703515264101,9.80467464683669,20,20,0.07200407981872559,0.06800365447998047,0.12162589582641649,0.14167062333551958,20,20,0.1500086784362793,0.14500832557678223,4.741558197807263,0.14167062333551958,20,20,0.14400839805603027,0.1390080451965332,0.21763335776403622,0.14167062333551958,20,20,0.1500084400177002,0.14500856399536133,4.741186887612716,0.14167062333551958
ZTF18aaavsbv,EB/EW,0.341473,CRTSnorth,20,20,0.0870048999786377,0.08300447463989258,2.1067845611070743,0.170741734588968,20,20,0.0630035400390625,0.06400370597839355,0.5834501301659711,0.08754222394556804,20,20,0.05600333213806152,0.05500316619873047,0.173903676356196,2.975267463896829,20,20,0.0740041732788086,0.07300448417663574,2.1067845611070743,0.170741734588968,20,20,0.14900875091552734,0.18101024627685547,0.17389912245288316,0.20600368926985715,20,20,0.1480085849761963,0.1780099868774414,0.06611061242552395,0.09157759184578995,20,20,0.14600825309753418,0.19401121139526367,0.06611061242552395,0.20600368926985715
ZTF18aabfwhb,EB/EW,0.37964,ASASSN,20,20,0.08800506591796875,0.08200478553771973,0.1594670598001967,1.1910955088079203,20,20,0.06600403785705566,0.06100344657897949,0.1594670598001967,1.043761631161557,20,20,0.05700325965881348,0.05100274085998535,0.2343056242203578,3.7878353715378643,20,20,0.06800389289855957,0.06400370597839355,0.1594670598001967,1.1910955088079203,20,20,0.1480085849761963,0.15700912475585938,0.05743682783107522,0.31558821869434905,20,20,0.1500084400177002,0.1410081386566162,0.05743682783107522,0.2031668999534345,20,20,0.1480083465576172,0.14500832557678223,0.05743682783107522,0.13910202924949358
ZTF17aaaekpc,EB/EW,0.259252,CRTSnorth,20,20,0.0870051383972168,0.08600473403930664,0.1489912234356184,0.5530357605485337,20,20,0.06500363349914551,0.06400370597839355,1.0325592864048854,1.111573633780602,20,20,0.05600309371948242,0.0740041732788086,0.057636281971118634,0.595930113589683,20,20,0.07100415229797363,0.08300495147705078,0.1489912234356184,0.1489834540653068,20,20,0.19601130485534668,0.14000821113586426,0.1489912234356184,0.2123438726560101,20,20,0.18601059913635254,0.14200806617736816,0.1489912234356184,0.1489834540653068,20,20,0.19901132583618164,0.14700841903686523,0.1489912234356184,0.1489834540653068
ZTF17aabxkcv,EB/EW,0.268038,CRTSnorth,20,20,0.08800530433654785,0.08200478553771973,0.1340198071613402,0.1340198071613402,20,20,0.06500387191772461,0.059003353118896484,0.43467014843696533,0.13402331674341975,20,20,0.05700325965881348,0.05800342559814453,0.5736337697010819,4.750960038536868,20,20,0.07300448417663574,0.0630035400390625,0.1340198071613402,0.1340198071613402,20,20,0.1500082015991211,0.1480085849761963,3.345264062486713,0.1340198071613402,20,20,0.14300799369812012,0.13600778579711914,0.06868023964620454,0.1340198071613402,20,20,0.14300799369812012,0.1370079517364502,0.06868023964620454,0.1340198071613402
ZTF19abqkmem,EB/EW,0.3860825,ASASSN,20,20,0.08800482749938965,0.08600473403930664,0.19303342655106318,0.2393672661631514,20,20,0.06400346755981445,0.06000351905822754,0.19303342655106318,0.06171291096652426,20,20,0.06700372695922852,0.062003374099731445,0.19303342655106318,0.23923007681886732,20,20,0.07000398635864258,0.06400346755981445,0.19304348837045646,0.2393672661631514,20,20,0.14300847053527832,0.14600825309753418,0.19304348837045646,0.23921134277350517,20,20,0.15100884437561035,0.13800764083862305,0.19304348837045646,0.17502228099200504,20,20,0.14200830459594727,0.14400863647460938,0.19304348837045646,0.23921134277350517
ZTF17aaadxlq,EB/EW,0.762123,CRTSnorth,20,20,0.0890049934387207,0.08400487899780273,0.381052141234546,0.2164566995969584,20,20,0.06500387191772461,0.06400346755981445,0.38106202666695155,7.898975436290389,20,20,0.05500316619873047,0.05500292778015137,10.440855518671247,3.891409686635391,20,20,0.07200407981872559,0.06900382041931152,0.381052141234546,0.2164566995969584,20,20,0.1520087718963623,0.1480088233947754,0.381052141234546,0.38106202666695155,20,20,0.14400815963745117,0.14000821113586426,0.11415546492284034,0.33568019327951093,20,20,0.14600825309753418,0.14600825309753418,0.38106202666695155,0.33568019327951093
ZTF18aawalmh,EB/EW,0.6720269,ASASSN,20,20,0.0890049934387207,0.08200478553771973,0.33600403274064106,0.33601283169175844,20,20,0.0650033950805664,0.06100344657897949,0.5060691537347844,0.33616174208668054,20,20,0.05500316619873047,0.05700325965881348,3.082384134849523,145.92701604989998,20,20,0.08300471305847168,0.06700372695922852,0.33600403274064106,0.33601283169175844,20,20,0.14900851249694824,0.14700818061828613,0.33602154869338535,0.33602154869338535,20,20,0.14300823211669922,0.14400815963745117,0.33602154869338535,0.33602154869338535,20,20,0.14600849151611328,0.13500761985778809,0.33602154869338535,0.33602154869338535
ZTF18abdeisb,EB/EW,0.400962,CRTSnorth,20,20,0.08800482749938965,0.08200454711914062,1.3639109839539938,0.3353391026265782,20,20,0.06500387191772461,0.06400370597839355,1.5285352472240668,1.7715139420191486,20,20,0.05600333213806152,0.0630037784576416,4.434924486504131,2.831588142884203,20,20,0.07300424575805664,0.07000398635864258,0.10024367661998318,0.1114477448194413,20,20,0.1480083465576172,0.14300823211669922,1.5290532723808123,0.3105778798884858,20,20,0.14200830459594727,0.14600849151611328,1.4827415386334728,0.28523354805884243,20,20,0.14300799369812012,0.14200806617736816,1.4827415386334728,2.0744720551820786
ZTF17aabggji,EB/EW,0.34633,ASASSN,20,20,0.08800506591796875,0.08500480651855469,0.14754590258719455,0.14754204250459263,20,20,0.06600379943847656,0.0630035400390625,2.8889155113248326,0.1476035993293643,20,20,0.05600309371948242,0.05500316619873047,0.0762829148220644,0.23899324921762888,20,20,0.07000398635864258,0.06400370597839355,0.14754590258719455,0.14754204250459263,20,20,0.1500084400177002,0.14700841903686523,0.20427666405853254,0.14754204250459263,20,20,0.1480085849761963,0.14000821113586426,0.6282774838936429,0.14754204250459263,20,20,0.14400815963745117,0.14600825309753418,0.6282774838936429,0.14754204250459263
ZTF18abceilm,EB/EW,0.316516,CRTSnorth,20,20,0.08300471305847168,0.08400487899780273,0.13657643249659837,1.5630626426978487,20,20,0.06400346755981445,0.05700325965881348,0.06313488455431206,2.5535030162254566,20,20,0.05500292778015137,0.07000422477722168,0.08143609049680463,1.8670402735087133,20,20,0.07000398635864258,0.06600379943847656,0.13657643249659837,1.5630626426978487,20,20,0.15100860595703125,0.1410081386566162,0.13657643249659837,0.1582621078566266,20,20,0.1500086784362793,0.1390080451965332,0.13657643249659837,0.1582621078566266,20,20,0.1500084400177002,0.14200806617736816,0.13657643249659837,0.1582621078566266
ZTF18aaadskw,EB/EW,0.305082,CRTSnorth,20,20,0.08800506591796875,0.08600497245788574,0.39005580411918533,0.6520176251751363,20,20,0.06600379943847656,0.06100320816040039,0.5790567084957603,1.7558843165707743,20,20,0.07000398635864258,0.05500316619873047,13.507824903856658,4.610787202364648,20,20,0.06900405883789062,0.07300424575805664,0.39005580411918533,0.6519836442321846,20,20,0.14700818061828613,0.1390080451965332,0.8527196499642892,2.3060919645300575,20,20,0.14900851249694824,0.14500808715820312,0.8526974245890606,0.6520176251751363,20,20,0.1480083465576172,0.14200806617736816,0.8527196499642892,2.3060919645300575
ZTF17aacwwlr,EB/EW,0.426053,CRTSnorth,20,20,0.0870051383972168,0.08100485801696777,0.17561634116535793,0.1007649690613679,20,20,0.06600356101989746,0.059003353118896484,0.2988253706626575,2.7223088782787985,20,20,0.05800318717956543,0.05500316619873047,198.29473683689855,0.23742860284523565,20,20,0.07100391387939453,0.07900452613830566,0.17561634116535793,0.1007649690613679,20,20,0.1520087718963623,0.1390080451965332,0.17561634116535793,0.17553395554204942,20,20,0.1520087718963623,0.14400815963745117,0.4961689532303694,0.06823950263152072,20,20,0.15300869941711426,0.14600825309753418,0.9873426124669158,0.06823950263152072
ZTF18aaavyjj,EB/EW,0.25172,CRTSnorth,20,20,0.08600497245788574,0.08200454711914062,0.1586048451924442,2.2136287656459244,20,20,0.06500363349914551,0.06500363349914551,0.1340897047301327,0.060024968932690576,20,20,0.059003353118896484,0.05100297927856445,9.395868029662996,6.87085475178448,20,20,0.07100391387939453,0.06900405883789062,0.1586048451924442,0.15986240855997996,20,20,0.14900875091552734,0.14000797271728516,0.11175316566439149,0.7405522984087491,20,20,0.2150123119354248,0.14600825309753418,0.13408619340959377,0.7405908995132884,20,20,0.14700818061828613,0.14600825309753418,0.13408619340959377,0.7405522984087491
ZTF17aaafibe,EB/EW,0.3669635,ASASSN,20,20,0.08600473403930664,0.08200478553771973,0.22486418082941623,4.579646581750112,20,20,0.06500363349914551,0.06100320816040039,0.6648542761383078,4.579407881252211,20,20,0.05500292778015137,0.05100274085998535,5.135087398046781,2.2269972289447972,20,20,0.07100391387939453,0.06900382041931152,0.22486418082941623,4.579646581750112,20,20,0.14400839805603027,0.14600849151611328,0.22485245983986568,0.5603632315952344,20,20,0.14700818061828613,0.13600778579711914,0.22486418082941623,0.5154006119768744,20,20,0.1480083465576172,0.13600802421569824,0.22486418082941623,0.5603632315952344
ZTF18acpvmit,EB/EW,1.2628808,ASASSN,20,20,0.0870053768157959,0.08100438117980957,0.33819180387593345,0.63146240724596,20,20,0.06400394439697266,0.06400394439697266,0.33819180387593345,0.23852648493563092,20,20,0.05700325965881348,0.05100297927856445,0.06089323699931266,7.941915113754236,20,20,0.06800413131713867,0.06500387191772461,0.3381830305739947,0.63146240724596,20,20,0.14900875091552734,0.17300987243652344,0.33819180387593345,1.2628385936160862,20,20,0.14900851249694824,0.17500996589660645,0.33819180387593345,7.088412691066875,20,20,0.1650094985961914,0.16700959205627441,0.33819180387593345,7.087304361359203
ZTF18acrukkj,EB/EW,0.428888,ASASSN,20,20,0.0890049934387207,0.08300471305847168,0.21444629737891371,0.21444629737891371,20,20,0.06400394439697266,0.05600309371948242,0.21443511825353107,0.27318405402429535,20,20,0.06000351905822754,0.05200314521789551,1.2789038910577588,0.1758087027232119,20,20,0.07100415229797363,0.06800413131713867,0.21444629737891371,0.21444629737891371,20,20,0.1480083465576172,0.14400815963745117,0.21444629737891371,0.06238894453315072,20,20,0.14200806617736816,0.14600825309753418,0.21443511825353107,0.06238731079413414,20,20,0.14500808715820312,0.14500832557678223,0.21444629737891371,0.06238894453315072
ZTF18aaorzrx,EB/EW,0.373506,CRTSsouth,20,20,0.08800506591796875,0.08200478553771973,0.18675313605607302,0.18675313605607302,20,20,0.06500387191772461,0.05900311470031738,0.18675313605607302,0.18675313605607302,20,20,0.05300283432006836,0.05700325965881348,4.4568250538673295,0.12984214725379234,20,20,0.07100415229797363,0.06700372695922852,0.18675313605607302,0.18675313605607302,20,20,0.14700818061828613,0.14600849151611328,0.18675313605607302,0.18675313605607302,20,20,0.14700841903686523,0.13800787925720215,0.18675313605607302,0.056039382941398735,20,20,0.14300823211669922,0.13800787925720215,0.18675313605607302,0.18675313605607302
ZTF18aagrmww,EB/EW,0.2918,CRTSnorth,20,20,0.0890052318572998,0.08200478553771973,0.18739188351845368,0.17081740663803885,20,20,0.06600379943847656,0.06100344657897949,0.05861495550008039,0.11097816657643052,20,20,0.054003000259399414,0.054003000259399414,1.133339681602097,3.299800198030897,20,20,0.07000398635864258,0.06900382041931152,0.05861495550008039,1.4095573151094984,20,20,0.1500084400177002,0.14400815963745117,1.0833142115523526,0.1709109291397194,20,20,0.14900827407836914,0.1410081386566162,0.1709020204500066,0.1709109291397194,20,20,0.1410079002380371,0.14300799369812012,1.0833142115523526,0.1709109291397194
ZTF18aabtvpy,EB/EW,0.410646,CRTSnorth,20,20,0.09100508689880371,0.0870048999786377,0.41064987690497246,0.16947810293858975,20,20,0.06500387191772461,0.06000328063964844,0.5035691736934709,4.811649590464374,20,20,0.05600285530090332,0.05500340461730957,23.703170501261866,3.868352835334749,20,20,0.07200407981872559,0.06700348854064941,0.41064987690497246,0.16947810293858975,20,20,0.1480083465576172,0.14700841903686523,0.6967897513868416,0.9204398673988833,20,20,0.14900851249694824,0.1410081386566162,0.3105778798884858,0.2602628000770317,20,20,0.14400815963745117,0.14600825309753418,0.3105778798884858,2.161629633453567
ZTF18acnaivd,EB/EW,0.566458,CRTSnorth,20,20,0.08800506591796875,0.08200478553771973,0.283233293467758,0.2832407105094039,20,20,0.06500363349914551,0.06000328063964844,0.283233293467758,0.28321853000271496,20,20,0.054003000259399414,0.05100274085998535,61.68189212051006,0.4411991263036959,20,20,0.07300424575805664,0.06600379943847656,0.283233293467758,0.2832407105094039,20,20,0.15100884437561035,0.1410081386566162,0.283233293467758,0.283233293467758,20,20,0.14900827407836914,0.14000797271728516,0.22058588219162986,0.28321853000271496,20,20,0.14500832557678223,0.13800787925720215,0.22058588219162986,0.28321853000271496
ZTF18abadnca,EB/EW,0.9554343,ASASSN,20,20,0.08500480651855469,0.08300471305847168,15.330001390735443,1.0983831144032887,20,20,0.0650033950805664,0.06200361251831055,0.05140603324237157,0.8786432344953596,20,20,0.05800342559814453,0.054003238677978516,2.8351326674013277,0.18528408113116615,20,20,0.07100415229797363,0.07000422477722168,15.329202484793306,1.0983831144032887,20,20,0.14200806617736816,0.13800787925720215,1.5380868420873595,1.0982686264124477,20,20,0.14200806617736816,0.14300799369812012,1.5380868420873595,0.9143663716051205,20,20,0.1480085849761963,0.1390080451965332,1.5380868420873595,1.0982686264124477
ZTF18abmohes,EB/EW,0.339066,ASASSN,20,20,0.0870051383972168,0.08000469207763672,0.1695355409553119,0.20427136475549715,20,20,0.06500363349914551,0.062003374099731445,0.11689847315354145,1.5977035881692483,20,20,0.061003684997558594,0.05100274085998535,2.5166993482841353,12.823387222712189,20,20,0.06900405883789062,0.06700372695922852,0.169544377492655,0.20427136475549715,20,20,0.14400815963745117,0.1410079002380371,0.14490852986348177,0.9813646238281694,20,20,0.14700865745544434,0.14400839805603027,1.6500126345437036,0.9862366297034041,20,20,0.14700865745544434,0.14400815963745117,0.05645721354443585,0.9814157905505965
ZTF18acueidj,EB/EW,0.40218,CRTSnorth,20,20,0.08800506591796875,0.08300447463989258,0.9912361801861488,0.9731881232739554,20,20,0.06500363349914551,0.059003591537475586,0.9912361801861488,0.12505586006915156,20,20,0.05700325965881348,0.05300307273864746,1.3843254942646905,0.6734525346511878,20,20,0.07100415229797363,0.06500387191772461,0.9912361801861488,0.20109642298873492,20,20,0.1500086784362793,0.1390080451965332,0.4971009583093481,0.07689174447155614,20,20,0.1500086784362793,0.13400793075561523,0.49712687092396696,0.20104401248333972,20,20,0.14900851249694824,0.14200806617736816,0.49712687092396696,0.07689174447155614
ZTF18aajaeui,EB/EW,0.2771871,ASASSN,20,20,0.08800506591796875,0.08800482749938965,0.1609662120750516,0.16241595428413452,20,20,0.0630037784576416,0.062003374099731445,2.5795248261994703,41.51571080921596,20,20,0.05700325965881348,0.05300307273864746,6.340666771356739,0.0884573874438963,20,20,0.07300424575805664,0.07000374794006348,0.1609662120750516,0.16241595428413452,20,20,0.14300823211669922,0.14700865745544434,0.12168614279352842,1.4062179672721158,20,20,0.14400839805603027,0.1370079517364502,0.12168614279352842,0.5200696634302413,20,20,0.14400815963745117,0.14500808715820312,0.12168614279352842,0.10848709857084174
ZTF18abcruof,EB/EW,0.306961,ASASSN,20,20,0.0890049934387207,0.08600497245788574,0.5736486511759308,0.0585859351595945,20,20,0.06600356101989746,0.05600333213806152,0.5736337697010819,0.5753407673990235,20,20,0.05600309371948242,0.05500340461730957,0.5410732897773785,1.861500889495911,20,20,0.07100415229797363,0.06700396537780762,0.5736486511759308,0.0585859351595945,20,20,0.15500879287719727,0.15500879287719727,0.10509438545262728,0.249879616999234,20,20,0.1500084400177002,0.15100884437561035,0.1109260987641785,0.5900106634051671,20,20,0.15500855445861816,0.15500855445861816,0.1109260987641785,0.5900106634051671
ZTF18aaaeheg,EB/EW,0.335633,ASASSN,20,20,0.08800506591796875,0.08400487899780273,0.1678165440608146,0.16781219059868305,20,20,0.06700396537780762,0.06000328063964844,128.05652782188938,0.16781219059868305,20,20,0.057003021240234375,0.054003238677978516,3.524458118822039,26.72735771262183,20,20,0.07100415229797363,0.0630037784576416,0.1678165440608146,0.16781219059868305,20,20,0.1500084400177002,0.1480083465576172,0.1678165440608146,0.16781219059868305,20,20,0.14700841903686523,0.14400815963745117,0.1678165440608146,0.1678165440608146,20,20,0.14600825309753418,0.1520087718963623,0.1678165440608146,0.1678165440608146
ZTF18aajbhlq,EB/EW,0.476077,CRTSnorth,20,20,0.08800506591796875,0.08400464057922363,0.23804204736873485,0.23804828098540187,20,20,0.06400370597839355,0.059003591537475586,3.4703113709296525,1.4701194217538027,20,20,0.06100344657897949,0.05900311470031738,0.11230505319943601,2.581139236944958,20,20,0.07000398635864258,0.07100391387939453,0.23804204736873485,0.23804828098540187,20,20,0.1410079002380371,0.14500832557678223,0.23804204736873485,1.4611424139591973,20,20,0.14600849151611328,0.14000797271728516,0.0861658624136947,1.4611424139591973,20,20,0.1480083465576172,0.15100860595703125,0.0861658624136947,1.4611803195973108
ZTF18acrcuvj,EB/EW,0.37643,CRTSnorth,20,20,0.08300471305847168,0.08100461959838867,0.0640798639311642,0.36279238935105096,20,20,0.06500363349914551,0.061003684997558594,0.0640798639311642,3.9398871343450694,20,20,0.06100344657897949,0.05500316619873047,0.27049166394030444,0.2084613201533072,20,20,0.07000398635864258,0.0630035400390625,0.06604687910550465,0.36279238935105096,20,20,0.14300823211669922,0.14000821113586426,0.05671975388290984,0.36279238935105096,20,20,0.14400815963745117,0.14400863647460938,1.0877279843388798,2.375642044774698,20,20,0.14700865745544434,0.1500084400177002,1.0877279843388798,2.375642044774698
ZTF17aaanqdk,EB/EW,0.3183939,ASASSN,20,20,0.08600497245788574,0.08600473403930664,0.16855301051424224,0.3052251574769992,20,20,0.06500387191772461,0.06000328063964844,0.05107614881353596,0.5323165302261813,20,20,0.05700325965881348,0.05500316619873047,0.09860078113415811,0.33007545782323366,20,20,0.06900382041931152,0.07100391387939453,0.16855301051424224,0.3052251574769992,20,20,0.18601059913635254,0.14600825309753418,1.276772165636629,0.5322610364924496,20,20,0.18401050567626953,0.14200806617736816,0.05107614881353596,0.5322610364924496,20,20,0.18601036071777344,0.14600825309753418,0.05107614881353596,0.5322610364924496
ZTF18abmjpbp,EB/EW,0.314732,CRTSnorth,20,20,0.08800530433654785,0.08300471305847168,0.18676287153180327,0.5136973633433319,20,20,0.06500363349914551,0.06400370597839355,0.10328849744450529,0.23640356830737735,20,20,0.05600309371948242,0.052002906799316406,0.2983584490397832,0.1557982429800927,20,20,0.06700372695922852,0.06400370597839355,0.18676287153180327,0.5136973633433319,20,20,0.19701123237609863,0.14600825309753418,0.18675802656795695,0.23639737775973957,20,20,0.19001078605651855,0.1410081386566162,0.7468131823699726,0.23639737775973957,20,20,0.19401121139526367,0.14600825309753418,0.18675313605607302,1.0594947115465922
ZTF17aaabmpl,EB/EW,0.38524,CRTSnorth,20,20,0.08800506591796875,0.08100485801696777,2.1045892270873194,0.1614452092470655,20,20,0.06500387191772461,0.0630035400390625,2.1049183821302093,0.5360060704690653,20,20,0.05700325965881348,0.05500316619873047,27.540610403956602,0.060263247018745254,20,20,0.07000398635864258,0.06900382041931152,2.10469893399627,0.1614452092470655,20,20,0.14900851249694824,0.14500832557678223,0.157353092364893,0.1614409859744399,20,20,0.14400815963745117,0.14400815963745117,0.08395338375184598,0.26889595917336934,20,20,0.14900851249694824,0.1410081386566162,0.15312505823300948,0.26889595917336934
ZTF18aaaarlb,EB/EW,0.340916,CRTSnorth,20,20,0.08600497245788574,0.08200454711914062,0.14557860505538264,0.20548889962954628,20,20,0.06700396537780762,0.0630035400390625,0.14557860505538264,2.842902305236768,20,20,0.057003021240234375,0.054003238677978516,0.5977034599053326,1.3962474068804047,20,20,0.07300424575805664,0.06700396537780762,0.14557860505538264,2.8257633121024286,20,20,0.14700865745544434,0.15100836753845215,0.20559602137525987,0.20549423051843935,20,20,0.14300823211669922,0.1480083465576172,0.20560673969285564,0.23489260535769743,20,20,0.14200806617736816,0.15600895881652832,0.20560673969285564,3.9593431056590545
ZTF18acuwuzy,EB/EW,0.33386,ASASSN,20,20,0.0870048999786377,0.08400487899780273,0.14299502056879754,0.127418222398178,20,20,0.06500363349914551,0.06400370597839355,0.40096172276190384,1.8406102126432873,20,20,0.05700325965881348,0.054003000259399414,27.478948781115886,9.349452470896718,20,20,0.07000422477722168,0.06800389289855957,0.3349896690139818,0.127418222398178,20,20,0.1480083465576172,0.14000821113586426,0.25077348903206365,0.17415767146969752,20,20,0.14500808715820312,0.14000797271728516,0.25077348903206365,0.12754448601467516,20,20,0.14900875091552734,0.1410081386566162,0.25077348903206365,0.12754448601467516
ZTF18abtdxvi,EB/EW,0.296442,CRTSnorth,20,20,0.0890049934387207,0.08100461959838867,0.267295799103488,0.29091734641487255,20,20,0.0650033950805664,0.06400370597839355,2.747113611845353,0.24112685133069278,20,20,0.05500316619873047,0.052002668380737305,1.0470041759268316,0.059965546766398745,20,20,0.0760045051574707,0.06900405883789062,0.267295799103488,0.29091734641487255,20,20,0.14900827407836914,0.13800811767578125,0.2673027334157996,0.2411331657292452,20,20,0.14200854301452637,0.14200806617736816,0.26731666868347553,0.0712772449372796,20,20,0.14400815963745117,0.14400839805603027,0.2673027334157996,0.0712772449372796
ZTF18aaakpmo,EB/EW,0.263112,CRTSnorth,20,20,0.0870048999786377,0.08400487899780273,0.9666405553436905,0.17862159870002542,20,20,0.06500387191772461,0.06400346755981445,0.9817995526725067,0.17861696493539772,20,20,0.05500316619873047,0.05300331115722656,34.033894920805274,0.17861696493539772,20,20,0.06600379943847656,0.06400346755981445,0.9666405553436905,0.17862159870002542,20,20,0.139007568359375,0.14400815963745117,0.05345703418667269,0.11622099624082619,20,20,0.14900875091552734,0.1390078067779541,0.05345703418667269,0.17861228760823944,20,20,0.14600872993469238,0.14700818061828613,0.05345703418667269,0.15154875543662938
ZTF18abtfecu,EB/EW,0.24355,CRTSnorth,20,20,0.0870051383972168,0.08100461959838867,0.12362664645102002,0.16105434542769018,20,20,0.06600379943847656,0.06100344657897949,0.297915515443999,0.16105852357464978,20,20,0.05600333213806152,0.05300307273864746,1.5781272490582785,0.07556851574492673,20,20,0.08000469207763672,0.06800365447998047,4.063050443533016,0.16105434542769018,20,20,0.14700841903686523,0.1410081386566162,0.20908165147340535,0.16105852357464978,20,20,0.14700841903686523,0.14400839805603027,1.3230148185324488,0.16105852357464978,20,20,0.14900851249694824,0.14200830459594727,1.3230838055226248,0.16105852357464978
ZTF18abppqvr,EB/EW,0.274892,CRTSnorth,20,20,0.0890049934387207,0.0870046615600586,0.13744777442127834,0.13744777442127834,20,20,0.06600403785705566,0.06400370597839355,0.13744060999019023,0.18805734407072738,20,20,0.05500316619873047,0.05600309371948242,32.955803764509625,5.672539307921967,20,20,0.06800389289855957,0.06900382041931152,0.13744777442127834,0.13744777442127834,20,20,0.13800811767578125,0.14500832557678223,0.13744060999019023,0.13744777442127834,20,20,0.14600825309753418,0.13600802421569824,0.13744060999019023,0.4399589197458219,20,20,0.14400839805603027,0.13600754737854004,0.13744060999019023,1.0434080170708295
ZTF18acrwlzp,EB/EW,0.422706,CRTSnorth,20,20,0.08600497245788574,0.08200478553771973,0.21135548218509584,0.21135548218509584,20,20,0.06600379943847656,0.06400370597839355,1.371754386815102,0.21135548218509584,20,20,0.05600333213806152,0.05300307273864746,0.2970316199722024,3.60754744995917,20,20,0.08100485801696777,0.07100415229797363,0.21135548218509584,0.21135548218509584,20,20,0.1500084400177002,0.15300893783569336,0.21135548218509584,0.21135548218509584,20,20,0.14300799369812012,0.14700841903686523,0.26818902205767453,0.21135548218509584,20,20,0.14300823211669922,0.14500832557678223,0.26818902205767453,0.21135548218509584
ZTF18aaaemjr,EB/EW,0.530351,CRTSnorth,20,20,0.08800482749938965,0.08600497245788574,0.26517928327269275,0.26517928327269275,20,20,0.06500387191772461,0.06400346755981445,0.26517928327269275,0.26517928327269275,20,20,0.05600309371948242,0.054003000259399414,3.137257726360453,67.74279847179493,20,20,0.07100391387939453,0.06900382041931152,0.26517928327269275,0.26517928327269275,20,20,0.1500084400177002,0.14400839805603027,0.26517928327269275,0.26517928327269275,20,20,0.14500832557678223,0.14300799369812012,0.26517928327269275,0.26517928327269275,20,20,0.14600825309753418,0.14600849151611328,0.26517928327269275,0.26517928327269275
ZTF18acevxjm,EB/EW,0.288476,CRTSnorth,20,20,0.08800530433654785,0.08600497245788574,0.10406131779513637,0.1898499960265335,20,20,0.06600356101989746,0.06200361251831055,2.9112142840362107,0.4420739619046733,20,20,0.05600333213806152,0.05100274085998535,0.28847845032786124,1.4881621308221686,20,20,0.06800389289855957,0.0630037784576416,4.693848119201388,0.18984009911091676,20,20,0.14500832557678223,0.14700865745544434,0.07270515383488396,0.1898499960265335,20,20,0.14600825309753418,0.13600778579711914,0.28848593417039253,0.1898499960265335,20,20,0.1480085849761963,0.14600825309753418,0.28848593417039253,0.1898499960265335
ZTF18aaacxfc,EB/EW,0.251771,LINEAR,20,20,0.08800530433654785,0.08600497245788574,0.40581919519262005,0.14406870344691022,20,20,0.06500363349914551,0.05700325965881348,0.14406870344691022,1.648937779064566,20,20,0.05600333213806152,0.052002906799316406,0.13637010761267077,0.05199490294712192,20,20,0.07200431823730469,0.06900405883789062,0.40581919519262005,0.14406870344691022,20,20,0.14900851249694824,0.14500832557678223,0.05766332187245122,0.16831155977492201,20,20,0.1410081386566162,0.14700818061828613,0.05766332187245122,0.3984198586186763,20,20,0.14700841903686523,0.14500808715820312,0.05766332187245122,0.050173629139678495
ZTF19acaxkgh,EB/EW,0.331454,CRTSnorth,20,20,0.08800482749938965,0.08600521087646484,0.16573440392324065,0.16573440392324065,20,20,0.062003374099731445,0.06100320816040039,0.19879816990083002,0.1652599092600018,20,20,0.05600309371948242,0.054003000259399414,0.12289736889729735,1.536844737498605,20,20,0.07200407981872559,0.06500363349914551,0.16573440392324065,0.16573440392324065,20,20,0.14700818061828613,0.14200806617736816,0.07865936444884436,0.16573440392324065,20,20,0.14500832557678223,0.13300776481628418,0.2556106324858267,0.16573440392324065,20,20,0.14500832557678223,0.1410081386566162,0.07865936444884436,0.16573440392324065
ZTF17aabwiij,EB/EW,0.275372,CRTSnorth,20,20,0.08800506591796875,0.08100461959838867,0.21774686369213792,7.22382220491929,20,20,0.06500363349914551,0.06100344657897949,11.378060638814398,7.22382220491929,20,20,0.05700325965881348,0.05500316619873047,0.09185010498347579,7.233054088917901,20,20,0.07100391387939453,0.07000398635864258,0.21774686369213792,7.22382220491929,20,20,0.14200806617736816,0.14500808715820312,0.3861511804140311,7.224952178129008,20,20,0.14500856399536133,0.1410081386566162,0.3861511804140311,7.225893673002458,20,20,0.14400815963745117,0.14500832557678223,0.3861511804140311,7.225517064351537
ZTF17aabwniz,EB/EW,0.247072,CRTSnorth,20,20,0.08800506591796875,0.08100485801696777,0.4632119125837241,0.09903347552360194,20,20,0.06600379943847656,0.062003374099731445,0.3178832801948784,0.05022334811824159,20,20,0.05700325965881348,0.05500316619873047,4.933179589875173,2.4219705064308275,20,20,0.07200407981872559,0.07700419425964355,0.4632119125837241,0.9157974258977226,20,20,0.1480085849761963,0.1500084400177002,0.24913824083548933,0.6741198846656821,20,20,0.14200806617736816,0.1480085849761963,4.9379387572375215,0.250760416163421,20,20,0.14300823211669922,0.14500808715820312,4.936008580619857,0.250760416163421
ZTF17aaczhem,EB/EW,0.9086543,ASASSN,20,20,0.0870051383972168,0.08400487899780273,0.8325803565336819,0.3376897349308856,20,20,0.06600379943847656,0.06400346755981445,5.044349989072698,21.27638750950472,20,20,0.057003021240234375,0.05500316619873047,0.22553922921275893,2.7746748123203973,20,20,0.07000422477722168,0.07000398635864258,0.8325803565336819,0.3376897349308856,20,20,0.14900875091552734,0.14000797271728516,0.45432771533172367,0.3376897349308856,20,20,0.1480085849761963,0.14200806617736816,0.45432771533172367,0.3376897349308856,20,20,0.14700818061828613,0.14300823211669922,0.45432771533172367,0.45430403114339024
ZTF17aabvaju,EB/EW,0.350138,CRTSnorth,20,20,0.0870048999786377,0.08600497245788574,0.21233280255333292,0.21221110755961373,20,20,0.0630033016204834,0.0630037784576416,3.503666370421583,0.42466980633634127,20,20,0.05700325965881348,0.0500025749206543,0.22309533325202716,3.2640442525870017,20,20,0.08300471305847168,0.06900405883789062,0.21233280255333292,0.21221110755961373,20,20,0.14400815963745117,0.1410081386566162,0.21233280255333292,0.21221110755961373,20,20,0.14300799369812012,0.14400815963745117,0.21232173360482876,0.26957665578651235,20,20,0.14900851249694824,0.14000797271728516,0.21233280255333292,0.26957665578651235
ZTF18aaxyunj,EB/EW,0.5667796,ASASSN,20,20,0.0890052318572998,0.08500480651855469,0.2834031382771247,0.2834031382771247,20,20,0.06700396537780762,0.06200361251831055,1.3110687504462166,56.17057751704861,20,20,0.05800342559814453,0.05200314521789551,0.2653106389141006,48.11136575970487,20,20,0.07100391387939453,0.07300400733947754,0.2834031382771247,0.2834031382771247,20,20,0.14300799369812012,0.14500808715820312,0.2834031382771247,0.2834031382771247,20,20,0.14600825309753418,0.14300823211669922,0.2834031382771247,0.2206836437667823,20,20,0.1500082015991211,0.1410081386566162,0.2834031382771247,0.2834031382771247
ZTF18absgqvs,EB/EW,0.23413,CRTSnorth,20,20,0.0890052318572998,0.0870048999786377,0.13264017763217262,0.13263326343547174,20,20,0.06400346755981445,0.062003374099731445,0.6557158607066216,0.132636736708075,20,20,0.057003021240234375,0.054003238677978516,6.109961378968538,168.8331636729933,20,20,0.0740041732788086,0.07000374794006348,0.13264017763217262,0.13263326343547174,20,20,0.14600825309753418,0.1480083465576172,0.09483503526432882,0.13263326343547174,20,20,0.14300823211669922,0.14300823211669922,0.13264017763217262,0.17484901637778183,20,20,0.13800787925720215,0.14500808715820312,0.132636736708075,0.13263326343547174
ZTF18acvgznt,EB/EW,0.280098,CRTSnorth,20,20,0.0890052318572998,0.08500480651855469,0.14004788692553752,0.12280129900553817,20,20,0.06400370597839355,0.059003353118896484,0.07195107579795156,0.1093387193398444,20,20,0.05600333213806152,0.05600333213806152,4.008771812748785,0.3210473917205188,20,20,0.07000398635864258,0.06600379943847656,0.14004788692553752,0.12280129900553817,20,20,0.1480083465576172,0.14200806617736816,0.16292897210586796,0.12280129900553817,20,20,0.1610090732574463,0.14400839805603027,0.05460758866497549,0.12283970893293304,20,20,0.1480085849761963,0.14400815963745117,0.16289926554423775,0.12283970893293304
ZTF18adbjcze,EB/EW,0.37192,CRTSnorth,20,20,0.08500480651855469,0.07900452613830566,0.2285751761237888,0.15673092552957751,20,20,0.062003374099731445,0.06000328063964844,0.15673092552957751,0.22859302252443292,20,20,0.05700325965881348,0.05500316619873047,4.225488891114693,0.3719070887299456,20,20,0.08000469207763672,0.06700396537780762,0.22858110592763625,0.18596140146842172,20,20,0.14000797271728516,0.14500832557678223,0.18595170625513627,0.15673092552957751,20,20,0.14700841903686523,0.14400839805603027,0.2285751761237888,0.15673092552957751,20,20,0.14700818061828613,0.14600825309753418,0.15673092552957751,0.15673092552957751
ZTF18abnzsoi,EB/EW,0.345872,CRTSnorth,20,20,0.0870048999786377,0.08300495147705078,0.5900106634051671,0.19790377778800722,20,20,0.06500363349914551,0.06400394439697266,0.20909797588353068,2.2432507706723577,20,20,0.05600333213806152,0.054003000259399414,0.15626186150493818,0.45699999991273116,20,20,0.07200407981872559,0.06500411033630371,0.5900106634051671,0.19790377778800722,20,20,0.14900851249694824,0.14400863647460938,0.5900106634051671,0.25625769587285835,20,20,0.14500832557678223,0.14200806617736816,0.2090870755671427,0.19790377778800722,20,20,0.1480083465576172,0.14500832557678223,0.2090870755671427,0.20386178648157552
ZTF18accvedz,EB/EW,0.355476,ASASSN,20,20,0.08800482749938965,0.08300471305847168,0.17773920855946446,0.17773920855946446,20,20,0.06600403785705566,0.06200361251831055,0.1563392652779338,0.17773459768561958,20,20,0.05700325965881348,0.05500316619873047,0.5551877714200925,0.17773920855946446,20,20,0.07300448417663574,0.07700419425964355,0.17773920855946446,0.17773920855946446,20,20,0.14900875091552734,0.14600825309753418,0.13515639598175563,0.17773920855946446,20,20,0.14400815963745117,0.14200806617736816,0.13515639598175563,0.17773920855946446,20,20,0.14400815963745117,0.14700841903686523,0.13515639598175563,0.17773920855946446
ZTF18aaaegrh,EB/EW,0.868741,CRTSnorth,20,20,0.08800482749938965,0.08300471305847168,0.4344096556920319,0.4343530462002,20,20,0.06400370597839355,0.059003353118896484,0.4343870157369789,0.07015844281437712,20,20,0.05600309371948242,0.05100274085998535,0.18482102322462354,0.43427385135001806,20,20,0.07100391387939453,0.06900405883789062,0.4344096556920319,0.4343530462002,20,20,0.14400815963745117,0.1390080451965332,0.4343870157369789,0.4343530462002,20,20,0.14400815963745117,0.1410079002380371,0.4343870157369789,0.43437569382781516,20,20,0.14400839805603027,0.14400815963745117,0.4343870157369789,0.43437569382781516
ZTF19aackslb,EB/EW,0.3537,CRTSnorth,20,20,0.08800530433654785,0.07900428771972656,0.1768519580979651,0.1768519580979651,20,20,0.06500363349914551,0.06000328063964844,0.1768519580979651,0.17684273973359413,20,20,0.05700325965881348,0.054003000259399414,0.1502665190700079,9.10084343923783,20,20,0.0760042667388916,0.07000398635864258,0.1768519580979651,0.1768519580979651,20,20,0.15100860595703125,0.14700841903686523,0.1768519580979651,0.17684273973359413,20,20,0.14400839805603027,0.14500832557678223,0.1768519580979651,0.17684273973359413,20,20,0.15100884437561035,0.1500086784362793,0.1768519580979651,0.17684273973359413
ZTF18abuckoc,EB/EW,0.2850954,ASASSN,20,20,0.08800506591796875,0.08500504493713379,0.1663185996782878,0.1663185996782878,20,20,0.06400346755981445,0.06100344657897949,0.16630993036260708,2.9636578822047044,20,20,0.05600333213806152,0.054003238677978516,1.014366756807812,3.7310043039100407,20,20,0.07100415229797363,0.06900405883789062,0.1663185996782878,0.1663185996782878,20,20,0.14900827407836914,0.1410081386566162,0.1663185996782878,0.1663185996782878,20,20,0.14900875091552734,0.14200806617736816,0.1663185996782878,0.1663185996782878,20,20,0.14500832557678223,0.14600825309753418,0.1663185996782878,0.1663185996782878
ZTF18aabjrrv,EB/EW,0.253374,LINEAR,20,20,0.08600497245788574,0.08200478553771973,0.09340973484344364,0.25601735649405755,20,20,0.06600379943847656,0.059003353118896484,0.2616707990177992,0.10212134993413084,20,20,0.05700325965881348,0.054003000259399414,4.43053409988645,1.9126504885936013,20,20,0.07000398635864258,0.06700396537780762,0.09340973484344364,0.10211870072315914,20,20,0.14600801467895508,0.1410081386566162,0.09340728878301605,1.9048893837747858,20,20,0.14900851249694824,0.14400839805603027,0.1964288844243704,1.9048397345362293,20,20,0.14500832557678223,0.1410081386566162,0.1964288844243704,1.9048397345362293
ZTF17aaatrrb,EB/EW,0.434402,CRTSnorth,20,20,0.08500480651855469,0.08500480651855469,0.2172026755123335,0.21719135387684382,20,20,0.0630035400390625,0.06100344657897949,2.505311625777533,6.025823695682162,20,20,0.05500316619873047,0.05600309371948242,14.296822812860041,0.8491267679758766,20,20,0.07100391387939453,0.06900382041931152,0.2172026755123335,0.21719135387684382,20,20,0.1650092601776123,0.14600825309753418,0.2172026755123335,0.2172026755123335,20,20,0.14900851249694824,0.14000773429870605,0.17835642267685078,0.2172026755123335,20,20,0.1410081386566162,0.1390080451965332,0.2172026755123335,0.2172026755123335
ZTF18aakygjd,EB/EW,0.300534,LINEAR,20,20,0.0890049934387207,0.08600473403930664,0.1502665190700079,0.1502704173541437,20,20,0.0630035400390625,0.06000351905822754,0.1502665190700079,0.21495553747093252,20,20,0.05500316619873047,0.05500316619873047,0.1502782513873496,98.89604204927204,20,20,0.0760045051574707,0.06900382041931152,0.1502665190700079,0.1502704173541437,20,20,0.15100860595703125,0.14700841903686523,0.1502704173541437,0.1502704173541437,20,20,0.14500832557678223,0.14200806617736816,0.1502704173541437,0.1502704173541437,20,20,0.14900851249694824,0.13800787925720215,0.1502704173541437,0.1502704173541437
ZTF17aaasqio,EB/EW,0.31744,ASASSN,20,20,0.08500480651855469,0.08500504493713379,0.3034246244805175,0.13697212736857958,20,20,0.06600403785705566,0.0630035400390625,1.4925905474629828,9.28558057757148,20,20,0.057003021240234375,0.05500340461730957,3.081580792313994,17.171828698220764,20,20,0.07100415229797363,0.06900405883789062,0.3034246244805175,0.13697571426318714,20,20,0.14900851249694824,0.17900991439819336,3.07933270565442,0.37770001252197943,20,20,0.14400815963745117,0.17100977897644043,3.079011636543243,0.377680322950051,20,20,0.1480088233947754,0.1780099868774414,3.07933270565442,0.37770001252197943
ZTF18aaadlnt,EB/EW,0.339236,CRTSnorth,20,20,0.0890052318572998,0.08400464057922363,0.20437254986998868,0.25689300677891747,20,20,0.06500363349914551,0.06400346755981445,0.20427666405853254,0.05314029783982938,20,20,0.05700325965881348,0.05300307273864746,62.21148616245412,0.10171492811277966,20,20,0.0740041732788086,0.08100461959838867,0.20437254986998868,0.25689300677891747,20,20,0.1480085849761963,0.14200806617736816,0.20427136475549715,0.20427666405853254,20,20,0.14700841903686523,0.14700818061828613,0.20427136475549715,0.4514357237456195,20,20,0.14500832557678223,0.14400839805603027,0.20427136475549715,0.4514357237456195
ZTF18abaxitk,EB/EW,0.58709,ASASSN,20,20,0.08600497245788574,0.08100461959838867,0.0707165572298589,0.07897368258601224,20,20,0.06500363349914551,0.0630035400390625,1.905385894964804,0.07773203788197379,20,20,0.05600309371948242,0.054003000259399414,1.5839791030136043,6.213709526143814,20,20,0.07100415229797363,0.06600379943847656,0.0707165572298589,0.07897368258601224,20,20,0.1480083465576172,0.14600872993469238,0.2935604063897626,0.45721440019123666,20,20,0.14900827407836914,0.14000773429870605,0.29354510223334856,0.29352218498310306,20,20,0.1480085849761963,0.14600825309753418,0.29354510223334856,0.29352979967255155
ZTF18aainbud,EB/EW,0.4221295,CRTSnorth,20,20,0.08800506591796875,0.08400487899780273,1.669566550436403,0.21105823838114862,20,20,0.06700396537780762,0.0630037784576416,0.09708850949242294,0.21105823838114862,20,20,0.05800342559814453,0.054003000259399414,1.0584735744082703,0.2110637137524256,20,20,0.08500480651855469,0.06400370597839355,1.669566550436403,0.21105823838114862,20,20,0.14900875091552734,0.14700841903686523,0.2110637137524256,0.2110637137524256,20,20,0.1500086784362793,0.14400815963745117,0.2110637137524256,0.2110637137524256,20,20,0.15100860595703125,0.14500832557678223,0.2110637137524256,0.2110637137524256
